klentory,1
Kontol,"1,2"
KotoriMinami,"1,2"
Kristopher,1
Kucha,"0,3"
lenalude,"0,1"
limboguard,"0,1"
Liverbird2002,"0,4"
lo_c0der,1
Mahi_Al_Jawad,1
makjn10,"0,1"
MARK_LI,"0,1"
Marshmalloc,1
marvelous25,"0,1,5"
mikoarm,1
mismi7298,"0,1"
Mohamed38,"0,6"
mokirin,"0,5"
Mushfiq4513,1
nandaniya_g,1
NCE,"0,1"
Nowshad,"0,1"
OECDDECCCEDHH,"0,7"
OMA,"0,1"
optimus,8
oupengfu,"0,1"
o_v_shake,1
phillotunru1,9
physicsShine,"0,1"
practiceid1,1
prakashk,"0,1"
pseudocoder10,1
QAQmika,"0,1,5"
qiaomingyu,"0,1"
qiyuqiyu,"0,1"
quangphat18ti,"0,1,10"
QuincyTan,"0,6"
Ravi_Jakhania,"0,1,5"
razvg99,"0,1,5"
RDJ.Widow,"0,1"
RedStone,"1,6"
Repeat2,"11,12"
Respect2D,1
resting_prince,13
risengo,1
Rm6,1
Rokham,1
ruchit_vithani,1
Seyn,1
shadowoneZeroone,1
shahkushal9148,1
shenji,1
sherifmowafy_,1
sneffort,1
starbis,1
sunhy,1
tamtam,1
vcq,1
vhosc,11
Vwsrenzk_ZC,1
William_Yue,1
WindCry1,14
wujiayi,15
xish,1
yorker,1
Zabiyaka,1
zeegomo,16
zeus_iitg,17
1640616850,1
1936448617,1
2.01834E+12,1
3agwa,1
50up,6
Aaman007,"0,1"
AARON33,1
adam750306,"0,1"
ahppiaw,"0,1"
AIRBOYONE,1
AIUSR_TMP,1
ajarihant,9
AlexMill,1
Alphatrance,0
Al_Shahriar_Tonmoy,12
ammar_Ahmed,"0,1"
apogee221,"0,1"
Araomis,"0,1"
arpit2601,1
Artichoke,12
arun001,1
badcw,1
bbuddhabhushan,1
buerjun,"0,1"
bybye123,1
cang_qiong,1
ChandlerMTR,1
chefpriyanshi,1
chenfu1234,"0,1"
chenhongta0,1
christ2go,1
cjc,"0,1"
DalaoTaiQL,"0,1"
Darek_,1
Dcastillo41,"0,1"
deepakjnv880,1
Denisstourisaf27,"0,1"
_Uchiha_,"0,1"
__meowth__,1
Dhairya_Shah,1
Dx18,1
DXLoc,1
DXTsT,1
dylanrhodes,18
ecasdqina,1
Emperor,19
Engineer124,1
Entropy___,1
fish_toucher,1
FiveJson,"0,1"
garyparrot,1
GoWind,1
Grafiore,1
handle_taken,13
HappyBaken2019,1
hardik8464,13
hm.sayem,"0,1"
ilbro,"0,1"
incognito_,1
InfiniteJest,"0,1"
Isalix,1
ish_codes,"0,1"
ItsNikolor,1
jinli_,1
kaihr,"0,1"
kartikstud,1
KasuganoSora6,"0,1"
Kayoxity,13
KingOfQQ,1
KirillBaskakov,1
